doc_id,text
1,"How to apply tests of significance to my findings
General coding best practices for legibility and reproducibility "
2,Just need to increase comfort with core concepts (why researchers would need to do some programming) in order to assist researchers with data curation. Not an active researcher myself.
3,?
4,"Programming in R and Python (little to no experience at this time)
Advanced commands in Stata, particularly with regards to visualizing data
GIS"
5,"I'd like to learn more programming languages (currently I know Stata and a teeny bit of R and SQL). Potentially also survey data collection and analysis, and it's always good to go over more statistics, conceptually and pragmatically."
6,Learn the basics of browsing and manipulating data using Stata.
7,"A better understanding of database tools and structure, geo-spatial software and data, and R."
8,Not sure.
9,"Knowing how to use Stata, SPSS, Drupal, and even Excel more effectively. How to manage large amounts of data and manipulate them to draw out specific patterns or variables. A background in broader concepts around digital humanities and ""big data"" would be useful, too."
10,content management tools such as Plone
11,I'd like to learn the basics of the tools that researchers on campus are using most frequently to analyze & manage their data.
12,"Would like to know how to customize software more to answer my specific questions.

Would like to know how to scrape data off the web and move from there."
13,I would be happy to learn any basics of the software listed in question #9 and which ones are most useful for specific data use/manipulation needs.
14,My researchers use R a lot for ecological analysis and I'd like to understand that better.
15,Gis
16,Data organization and data presentation. (Beyond Catalyst and Excel)
17,making the link between databases and web-based displays of info
18,"linear regression;
R,
stata"
19,"I almost exclusively use R, and I'm familiar with the basics of shiny, and quite familiar with knitr, but I'd like to gain familiarity with CSS and incorporating other javascript libraries into my R workflow, and learn about the RCharts package."
20,"natural language processing, data visualization"
21,Time series analysis
22,"Please don't make these fields ""required"""
23,I would like to know basic statistics to understand what papers are saying.
24,"Tableau / visualization tools
Use existing spatial maps to plot my data (e.g. use  Police Department beat-area maps to analyze my spatial data contained in the license plate reader databases."
25,"Would like to be able to analyze data in the diary text eg names, places,  sites etc.  Currently using XML/TEI, XSLT, mediawiki, omeka, wordpress"
26,"I know a little GIS, but would like to be able to do more spatial analysis. I can use ArcGIS at a very basic level, but would like to be able to take advantage of more advanced capabilities. "
27,"I'd like to become more competent with statistical software, such as R, and with data management."
28,"gis, web page design and programming"
29,I would like to learn R (I am currently using SPSS and have also used SAS and Stata) and explore data visualization software.
30,All of the above
31,I don't know enough about different systems of analysis to be able to answer this question. An easier software or tool to group data (other than those provided in excel) would be great!
32,I do not know enough to answer.
33,"I'd like to learn more about how to program, how to design and build surveys and how to use R for qualitative and quantitative research."
34,"Data visualization, textual analysis and network analysis"
35,I don't know much except for what my research classes have pointed out.  I haven't done programming except this year when I used SPSS. It was confusing and I could CERTAINLY use more instruction in order to do it; luckily I had help in class.  But it would be better if I learned how to program myself.  
36,"I have some experience with statistical analysis software (SPSS and Stata), but would like to expand that and develop some basic knowledge of other software or programming language that would expand my analysis capacity."
37,"Data management in R and using R to call specialized programs (e.g., Mplus) and output results as tables and plots."
38,I would like a basic introduction to other data analysis programs in order to see which one most closely aligns with my needs and skill level.  Analysis would be identifying moderators and mediators of primary clinical outcomes within and RCT.
39,"I think that knowledge of R would be  beneficial to allowing more flexibility in my models. I think it will also be helpful in my career, as a growing number of people are using R for running their statistical models. I also want to become more competent at building and managing databases."
40,"Mostly basic database skills and management -- data normalization, relational table design, Structured Query Language, etc. Other possible interests: topic modeling, basics/philosophy of GIS, other forms of digital data visualization, and I guess at some point I should learn something about TEI."
41,Revisit Java or object orientated design.
42,More efficient full-text search and multi-threading for processing larger lets of data. Information on working with spreading jobs across multiple machines in the cluster would also be interesting.
43,Best practices for accessing and analyzing data. Better facility with analysis and scripting tools.
44,I'd like to learn more about using Microsoft Excel and SPSS for data analysis. I also need to learn how to use software that allows me to analyze data through hierarchical linear modeling.
45," hard to say this early in my research-  but am generally interested in making legible databases (like mysql)  as well as  online environments like ruby on rails, php,  etc."
46,I don't know where to start! 
47,"Anthropac for Mac, visual representations of qualitative data"
48,I have some knowledge of Atlas.ti ethnographic coding software and would like to improve it. 
49,Great facility with quantitative software
50,learning which methods to use for different purposes 
51,I would like to become more familiar with Bayesian analysis. 
52,"Long-term: natural language processing, graph theory
Shorter-term: python scripting, building models"
53,"tools for web interactions--PHP, Python
tools for design interactions--Axure, etc."
54,Knowing what database mgmt. sys and scripting lang. will be best going forward. Whatever programming tools are needed for this purpose. Including  software for appropriate for tabulating  frequency/occurances of syntax patterns under varying conditions (space/time/rhyme scheme) & display of same. Mapping software to plot 
55,"??

Re: 9: I programmed in Fortran for SPSSx as a graduate student; would not object to a refresher and update on how best to handle intersection of qual data with social survey data."
56,"More SQL. In Python, getting more experience tools like Numpy/Scikit-learn."
57,I would like to learn to use both SPSS and to do programing for 
58,AWS
59,Data analysis/spatial analysis.
60,I'd like to understand something about Flash because many of the literary works I work with have been created using this tool.  
61,"database building and management
language for conducting search queries in said databases"
62,Data scraping of social media sites and social computing systems such as Wikipedia
63,I'd like to work with machine learning techniques.
64,"Interesting in being able to analyze transcripts as well as prose from books and websites, both for theme and linguistic structures. Also, video analysis."
65,"Visualizations
Qualitative analysis
"
66,"more statistical analysis with R, multilevel analysis"
67,Python libraries and tools for ML and Viz
68,"qualitative software that is more user friendly, more manipulatable to my needs."
69,"multi-variate regression analyses
R and/or SPSS"
70,Coding in SAS or R for data analysis
71,R
72,"Better understanding of topic modelling, analysis of statistics, analysis of brain data."
